{
  "AcceptGifts": true,
  "Enabled": true,
  "GamesPlayedWhileIdle": [
    1107370,
    691690,
    896160,
    2186680,
    1812060,
    1969060
  ],
  "RedeemingPreferences": 1,
  "SteamLogin": "hamos26",
  "SteamMasterClanID": 103582791459824586,
  "SteamUserPermissions": {
    "76561198439088276": 0
  },
  "TradingPreferences": 1,
  "login": "hamos26",
  "AutoSteamSaleEvent": true,
  "EnableRiskyCardsDiscovery": false,
  "FarmPriorityQueueOnly": false,
  "Paused": false,
  "SendOnFarmingFinished": false,
  "ShutdownOnFarmingFinished": false,
  "SkipRefundableGames": false
}